timestamp,status_code,latency_ms,ok,error,tests_passed,tests_failed
2025-12-03T23:07:35.683256,200,64.44,True,,4,0
2025-12-03T23:07:40.744342,200,52.84,True,,4,0
2025-12-03T23:07:45.806326,200,53.71,True,,4,0
2025-12-03T23:07:50.872494,200,57.88,True,,4,0
2025-12-03T23:07:55.941147,200,59.06,True,,4,0
2025-12-03T23:08:01.001845,200,53.65,True,,4,0
2025-12-03T23:08:06.065827,200,56.65,True,,4,0
2025-12-03T23:08:11.122113,200,48.51,True,,4,0
2025-12-03T23:08:16.186986,200,56.42,True,,4,0
2025-12-03T23:08:21.253228,200,57.66,True,,4,0
